AU1Variation;AU11Variation;AU21Variation;AU22Variation;AU4Variation;AU51Variation;AU52Variation;AU61Variation;AU62Variation;AU91Variation;AU92Variation;AU10Variation;AU12Variation;AU151Variation;AU152Variation;AU17Variation;AU20Variation;AU23Variation;AU24Variation;AU25Variation;AU26Variation;AU27Variation;Emotion
-3.1122965769893227;-0.6005020840678625;-3.7922782444181564;-5.886922694858569;-8.91963878184395;-4.983420757252018;-6.090722034374522;-4.983420757252018;-6.090722034374522;-6.052539563386631;-5.44583930139467;3.082966256827657;0.0859370993754709;-0.683348463605185;-0.8474117651604516;-4.888410049235297;10.924422720620186;0.0859370993754709;-7.971586452994618;0.0;5.929718509774716;5.929718509774716;1
2.7827436395563865;-1.6018085356731433;-4.478991644759631;-3.0524896167326574;-7.016662039607269;-1.0293863659264026;-3.0917501351666594;-1.0293863659264026;-3.0917501351666594;-7.359613565136044;-8.057105518435705;5.015148038438355;-7.024161184677581;-0.894279376230017;-1.7217384839386014;-4.9905668772057155;-0.9912287450431023;-7.024161184677581;-10.0;0.0;-5.981819684199465;-5.981819684199465;1
-6.752890582093201;-1.5222319485673097;-3.6943710308222393;-6.963933759572555;-6.997030778954777;-0.13497887031168787;-1.9960899875534945;-0.13497887031168787;-1.9960899875534945;-6.894901960899091;-8.822625247000786;0.9971631205511713;-2.994565377908245;1.97273333539637;2.8588966356147907;-3.999093279663782;2.861052839004131;-2.994565377908245;-4.993972489122729;0.41421356237309515;-1.0553587323759501;-1.0553587323759501;1
-4.273725696619767;-4.354151177812;-2.4129800994976804;-2.690394070306155;-6.072753414363021;0.9546389828127388;0.0;0.9546389828127388;0.0;-4.796285679290989;-5.179955903474948;1.052825523023806;0.0;-0.7020782562418475;0.0;-3.9200882572524876;3.99925946536316;0.0;-4.980121165727127;0.0;0.0440742475943523;0.0440742475943523;1
-6.683328128252668;-10.173554651544485;-6.723076990519964;-7.078820323677185;-11.044612765730573;-4.0;-1.9797995124556511;-4.0;-1.9797995124556511;-11.981395739800377;-13.579614885288422;-0.9983700113935434;-0.9718365716809529;-3.6760356976346067;-3.745801460592226;-10.01249804748511;2.9700578448637245;-0.9718365716809529;-8.961595189594702;0.41421356237309515;-6.999542169558168;-6.999542169558168;1
-1.100388149528598;-1.7036788721420137;-4.462046601076665;-4.434502782734199;-4.985694549912676;0.13497887031168787;-1.9726065504669563;0.13497887031168787;-1.9726065504669563;-4.937527103214123;-5.883500130231937;-6.023796041628639;13.956849458334503;-0.7731624262005781;-0.37393235075389697;-2.013155617496423;0.09988913511872255;13.956849458334503;4.0;0.0;-1.9504873611507634;-1.9504873611507634;1
-2.2763639059861482;-2.731574560953092;-3.491663429768465;-4.791099593145127;-3.997027153315173;2.0;1.9899758790498439;2.0;1.9899758790498439;-2.7456707583294246;-3.796673158815395;4.991688016127879;-6.9585784814866685;0.9625339381362181;0.21488701864777227;-2.0314242056487046;0.053113411910160835;-6.9585784814866685;-7.015621187164243;0.0;-1.9981524249419067;-1.9981524249419067;1
-5.750516086033567;-4.9768130392807315;-1.9924776679769494;-1.8082009465315707;-8.917485014852037;-0.9944904829834726;-2.0553851381374173;-0.9944904829834726;-2.0553851381374173;-8.501038872349056;-8.798713839664053;0.977284454454761;-2.020629928727871;-3.226771005492097;-4.465229243045755;-0.03406892175970455;1.0642624912515757;-2.020629928727871;-0.9989195039165999;3.1622776601683795;1.0411724720368625;1.0411724720368625;1
-3.2972435114242415;-4.113825375634459;-5.806352372764316;-4.1900685496106505;-5.994716130583953;-1.9876178728223408;-2.0;-1.9876178728223408;-2.0;-9.95883909817799;-9.575368902551034;-2.020824298928627;-1.032778078668514;0.7094570774669862;1.9637700860734952;-4.034436465760855;0.1289089974006643;-1.032778078668514;-1.9965368354385475;4.0;-3.984282907423477;-3.984282907423477;1
-3.336456127028388;-3.2514441193262336;-6.183248675795646;-5.972789154507922;-7.992214581772146;-3.045361017187261;-3.0;-3.045361017187261;-3.0;-7.131240779515409;-7.441488618147645;-0.9750156054992125;7.993055890421232;-2.141749176452066;-2.179843075327625;-9.997500952714837;6.0;7.993055890421232;-9.017236257093817;1.0;-3.9997783135308254;-3.9997783135308254;1
-3.7614664528323942;-6.955448717307576;-8.17287395131013;-4.954023639502964;-3.991101388526399;-2.0312195418813985;0.038404810405298306;-2.0312195418813985;0.038404810405298306;-3.6320830176067176;-4.998751093261262;1.0700387152282005;-3.9218898585729676;-4.4298564012946855;-2.174002831003257;-8.89224835005075;7.117801666060032;-3.9218898585729676;-9.963910532954468;0.0;-1.7788326532459706;-1.7788326532459706;1
-5.339136531567906;-4.7091709401913455;-4.205074583642393;-6.923328339056681;-9.0;-4.033296378372908;-3.9896249630891027;-4.033296378372908;-3.9896249630891027;-7.914346009874961;-8.540929769376405;-0.09072203437452231;3.993750244121557;-3.936872473498312;-2.987381772848096;0.9886378306692265;-0.04094785974136528;3.993750244121557;0.977284454454761;1.0;0.9998203539028054;0.9998203539028054;1
-8.443585706540517;-5.470948370843818;-8.23443570217973;-5.8642344283518995;-13.01281840626232;-0.9687804581186015;-0.9988116471278516;-0.9687804581186015;-0.9988116471278516;-7.992905463768068;-6.646380983995499;1.9990231998967083;4.999632393535194;-4.200015191043725;-3.385452161339039;0.9725762364937296;-9.043587276386681;4.999632393535194;-1.020824298928627;1.5857864376269049;-8.079740655399334;-8.079740655399334;1
-2.6241574774906837;-4.122525356847529;-3.22828192008744;-3.8623010246039158;-11.857433834593252;0.0;-1.0;0.0;-1.0;-5.392517284237414;-8.042358713876979;5.980615660861876;-6.9658551684537855;-2.4109886404535175;-1.109195275034601;-1.9368769178728371;1.0350769263967976;-6.9658551684537855;-7.961595189594702;1.0;-0.8927318375761075;-0.8927318375761075;1
-4.395922667946607;-6.507917254024125;-0.5300998133682882;-1.511631663801296;-2.9981498673946767;-5.0;-7.11724276862369;-5.0;-7.11724276862369;-2.8357247871974494;-2.9835113807071707;-0.09072203437452231;-0.993671139585274;-5.901987673322239;-5.741864680365637;-4.047592083257278;-4.0086200490927055;-0.993671139585274;-4.0;-1.0;-8.004999875006249;-8.004999875006249;1
-2.0260436524001086;-3.3251848215145294;-1.9474351695002312;-2.4836502814003865;-1.9490284304184264;-3.9289321881345245;-1.9377422517014509;-3.9289321881345245;-1.9377422517014509;-1.958641964360723;-3.8242158458838276;4.0178514522438;-15.96970392312329;-0.49185055358552887;2.463692295633024;-2.9993057969236148;3.974047435511693;-15.96970392312329;-7.020824298928627;0.0;0.9579521870027037;0.9579521870027037;1
-8.636300294608969;-9.049472883838316;-6.720974301190516;-9.492383557346933;-16.26532819872526;-4.976147062106749;-5.0;-4.976147062106749;-5.0;-11.796053659003704;-13.959163841157945;-2.9881660478556036;-6.999542169558168;-4.674423988492144;-4.942428352260599;-8.868698611227614;3.906018801029532;-6.999542169558168;-5.926027258638232;-1.4142135623730951;-4.993706738219942;-4.993706738219942;1
-7.769110611059933;-5.271370913920141;-5.220404904628843;-4.95195469391394;-8.015621187164243;-2.035668847618199;-0.9931273898388682;-2.035668847618199;-0.9931273898388682;-10.629524642213852;-9.715586575558149;1.9231903791894034;3.05621855410007;-4.887819632583529;-2.3873594156238553;-11.037715068874085;9.029844099475568;3.05621855410007;-12.86627722454947;1.2360679774997898;-1.9668527978241173;-1.9668527978241173;1
-4.38561418786659;-6.697472439407022;-3.209033498513051;-4.609813993449642;-5.0;-4.033296378372908;-3.9909815555211043;-4.033296378372908;-3.9909815555211043;-8.427302318488998;-8.637777953225196;-3.9706136340735974;6.026179968421786;-6.322154259966666;-6.065262483081092;-10.955124339532745;4.99901758616307;6.026179968421786;-6.99292607207493;2.0;-5.970502855821451;-5.970502855821451;1
-5.050503278747641;-4.589117660294516;-1.6638422811712275;-2.0666860513842096;-4.074887066257595;-1.9940742688259032;-2.1710309678577637;-1.9940742688259032;-2.1710309678577637;-5.949452556427261;-6.346727741533016;0.9992316561217685;0.08125100940682728;-8.4824128475884;-10.704885434176092;-8.886059662285625;10.971262046373887;0.08125100940682728;-9.801046210559146;0.9262096826685897;2.0710834746379163;2.0710834746379163;1
-2.057351467235854;-2.9732010006583067;-3.1431166283008167;-3.23891092895785;-1.110732426616611;-6.9646010357527235;-6.074639875476208;-6.9646010357527235;-6.074639875476208;0.9970260161295386;-0.9984459976112277;10.0;-19.043404950824183;1.5374981626396504;-0.8880554202211215;-0.9886378306692265;-8.017838602042673;-19.043404950824183;-10.968780458118601;1.0;-9.015872016186918;-9.015872016186918;1
-3.2622072691797506;-2.423444496874115;-3.9480560089069883;-5.360020371935022;-5.997046542929379;-1.9615951895947017;-1.9948915679676098;-1.9615951895947017;-1.9948915679676098;-3.854612900216594;-3.7417873613477894;0.0747668477409924;0.0;-5.77722635447622;-3.678417168249055;-4.959031154332244;0.8382720248502267;0.0;-5.0;0.0;-3.9971540387888638;-3.9971540387888638;1
-7.9272797857381185;-4.7673153417282705;-5.448849914684011;-5.586637096460336;-13.909277965625478;-2.035668847618199;-1.0;-2.035668847618199;-1.0;-11.644975811835366;-10.27867420981653;0.9990133208974363;-11.041065876175537;-0.4836936160403411;0.8390664723729344;0.9980112683777307;-11.033337590654597;-11.041065876175537;0.0;1.0;-10.038830497746858;-10.038830497746858;1
-2.444534873369726;-2.315825945453163;-2.5085521767329766;-2.176573997560027;-2.014282800023196;-5.038404810405298;-5.038404810405298;-5.038404810405298;-5.038404810405298;-3.977275661338453;-1.8858517500122787;2.979175701071373;-1.9998173766207827;-0.8379291546024277;-1.6774627926491021;0.010415536631214195;0.03772242470447651;-1.9998173766207827;-2.997028257299988;-0.8218544151266947;0.0049503737316882734;0.0049503737316882734;1
-1.4196896272458126;-1.7690419554304242;-2.5332931658621973;-2.8698394612140987;-3.075654122000902;-3.0911513716292607;-0.9944904829834726;-3.0911513716292607;-0.9944904829834726;-4.2865880186948;-3.9260070527492275;0.9991677074649807;0.9996836944488336;-1.403145934575278;0.840752557351955;3.0;-7.970473745974097;0.9996836944488336;1.9983993635867492;5.0;-4.985358067877684;-4.985358067877684;1
0.5081894210033262;-0.846892886526895;-5.0086200490927055;-3.791864271809068;-7.058123590390256;-2.9885291892844084;-1.9948915679676098;-2.9885291892844084;-1.9948915679676098;-2.564426886981508;-2.575202971838877;-0.9750156054992125;-4.031415057749243;-3.837832909531805;-3.504568135065071;-11.0111097397076;4.984350748504063;-4.031415057749243;-9.985155451310428;0.0;-6.042406135788397;-6.042406135788397;1
-1.9574560035880566;-3.778670080249043;-4.997867351442338;-3.877209196091073;-5.977919745115443;0.0;-1.0384048104052983;0.0;-1.0384048104052983;-4.6181443997409986;-4.044665294159103;1.8988330386315972;-0.9787806812597211;-3.016403829388409;-1.9194333000409074;-3.9898119021367293;1.9642970955124;-0.9787806812597211;-5.958405421207704;0.0;-2.079014357754403;-2.079014357754403;1
-0.8048339477375492;-2.577612400761396;-2.718496749113072;-2.7342925739039003;-12.03093004365001;-0.0747668477409924;0.8775185987780958;-0.0747668477409924;0.8775185987780958;-1.2943902744158606;-5.2642571253285695;-0.931006832068153;-9.928865415339402;-2.90933023264067;-0.7459789235878702;-3.7075837980895514;2.3856204690018785;-9.928865415339402;-2.772345933548891;1.6055512754639891;-1.048896195728588;-1.048896195728588;1
-3.14365660836458;-2.9320989944429527;-3.126142112429804;-2.1467828334078973;-5.038393440133568;-1.964331152381801;0.9935275076511445;-1.964331152381801;0.9935275076511445;-4.764683990157991;-5.701838333841991;3.0886345896538216;-11.999332573505171;0.25431676534797987;0.7152172734302837;-1.9683504023426934;1.9069547228395223;-11.999332573505171;-4.996122585801125;-1.0;-0.07074938323322044;-0.07074938323322044;1
-3.6572111281433415;-3.1616309121600388;-8.21530670701209;-6.689922862730519;-16.11631332689897;-0.9983700113935434;-0.9985412131205003;-0.9983700113935434;-0.9985412131205003;-6.159146594529872;-6.68518316328786;-0.017851452243800026;-3.9997356508128803;-11.561720880453166;-8.580138609771687;-14.084837759947987;14.998966195665801;-3.9997356508128803;-14.079872407968907;0.5857864376269049;0.9885215384083779;0.9885215384083779;1
-6.846896657869841;-6.837866825692927;-2.8338390718329123;-4.569840066483351;-7.051791730630079;-7.0312195418813985;-7.17030693280161;-7.0312195418813985;-7.17030693280161;-14.768890890790829;-15.212534412965397;-2.972243622680054;3.895989111542278;-0.5317268998780236;0.8924484085220499;0.9744441821282237;0.9498861065417685;3.895989111542278;3.9949969023763856;3.0;1.9222042737739002;1.9222042737739002;3
2.322353675343237;1.28591323095457;-6.7043431068904695;-5.535665902253669;-7.978271133557325;-8.944614861862583;-8.051969615703193;-8.944614861862583;-8.051969615703193;-9.350290163447411;-9.124421270044166;-4.978271133557325;-2.0633313280938808;2.869151023565607;3.3612378688882742;15.997951746406663;-3.9642970955124;-2.0633313280938808;20.981487827787408;17.0;11.999589202951626;11.999589202951626;3
-3.745236090146193;-4.404165089875875;-2.9736658993966287;-5.936234870441787;0.7488222867760292;-4.97052676692682;-4.989351566914648;-4.97052676692682;-4.989351566914648;-7.854658234012831;-11.612771391387497;-4.92779013783807;-1.864208880898218;-0.6043393182812835;-1.7503744083349062;-2.8354596543435377;2.7830757599233564;-1.864208880898218;2.0834460598468496;1.7480640977952844;0.0;0.0;3
-6.961441413103891;-5.954954997740536;-3.7808445152365806;-4.4819684132700885;-0.9368028488090161;-5.045361017187261;-5.926769995503229;-5.045361017187261;-5.926769995503229;-9.856283328451958;-11.862232585005465;-3.977780341105298;1.999228692720024;-0.5344310572570024;-0.11039838982186012;8.052738273083214;-6.063026371544574;1.999228692720024;12.036754468004442;11.041594578792296;1.9795939612572369;1.9795939612572369;3
-6.263794367902133;-6.940661530661217;-2.7734590850254506;-1.0303838043257016;-1.999081516225658;-5.045361017187261;-5.165525060596439;-5.045361017187261;-5.165525060596439;-13.088967160978129;-13.883368239754986;-1.0;1.0560536788093415;-4.918878957481425;-3.9470875970243853;-1.9991347615848412;3.9991658852547616;1.0560536788093415;-0.9983700113935434;0.0;1.9756133823604927;1.9756133823604927;3
-5.0917510493174625;-5.312682924655377;-1.0912008204153452;-1.4140771540284618;0.8998818339915005;-2.983103268888712;-5.0693043269246;-2.983103268888712;-5.0693043269246;-11.300111548652538;-13.03644305756032;-4.065636743802585;0.9951065791016447;-2.23044737829953;-1.3983676557610139;-0.9912263882846588;2.990984247735433;0.9951065791016447;3.1334015527390697;-0.5857864376269049;1.989850525317351;1.989850525317351;3
-12.362578161226914;-11.018860862969365;-9.983670584135517;-10.616583131752819;-4.356987815285581;-7.937742251701451;2.855337972703179;-7.937742251701451;2.855337972703179;-19.01879657731176;-15.279380541947049;-3.9004688979036892;7.1131441784603595;-1.6777657480201853;-7.789852807114805;-9.679295518143292;6.96519197756254;7.1131441784603595;-5.780682632443721;3.0415945787922958;-2.7195316756615426;-2.7195316756615426;3
-9.219842746481145;-8.145402165426336;-6.774137348414072;-4.992881993818379;-3.04520282666898;-4.0;-3.0;-4.0;-3.0;-14.751249922914326;-13.75769587443348;-5.776426602233663;-3.7752426611944685;-4.624622597586111;0.18681242390345432;4.201605224498763;-3.290482471768442;-3.7752426611944685;10.049562711816584;9.631147454814165;0.7335150666578585;0.7335150666578585;3
-6.707521477814076;-5.846237172580626;-3.512487006911215;-1.4297156072118682;8.983875161458354;-4.033296378372908;-3.9446148618625827;-4.033296378372908;-3.9446148618625827;-11.139908056291105;-11.005434622091755;-0.9947780676989808;-1.9975042895011939;-2.43977516211487;-1.4528683096072825;-0.996615897958236;3.929303399357231;-1.9975042895011939;0.0;3.8466945527984295;2.883738002929789;2.883738002929789;3
-2.2331281595264194;-1.397758274679294;-3.233048343083631;-3.106146548958044;3.985339334979386;-5.033296378372908;-6.07908781457742;-5.033296378372908;-6.07908781457742;-5.982390719333907;-6.973358904222621;-3.9167556918998763;-5.048983899332143;-2.4757490695998214;-1.412437236850522;-1.9200731031834124;4.851140254339782;-5.048983899332143;1.9941003333928613;0.0;2.9864830655445616;2.9864830655445616;3
-11.211194201407142;-11.422857853213163;-4.799799074748613;-5.822323182915234;5.01249804748511;-10.946623835628184;-10.029386365926403;-10.946623835628184;-10.029386365926403;-21.022864724760993;-20.053547751690246;-6.022715545545239;-0.029748206331376537;5.364366891040341;3.7783772290856987;11.99825872978574;-2.921099367783903;-0.029748206331376537;18.01020301937138;12.038404810405298;9.05025507190085;9.05025507190085;3
-4.0123272914594565;-4.495287489782015;0.2632585605245339;-1.3233945906247868;0.9968147185506666;-3.983019672267881;-4.76393202250021;-3.983019672267881;-4.76393202250021;-10.04525489278879;-11.00531899844816;-0.9991677074649807;-9.91150213524945;-3.881344257779105;-0.22035844901935775;-3.117210870581509;7.1891733775380615;-9.91150213524945;-2.1576277575856686;-1.0;4.104643233869169;4.104643233869169;3
-3.670304922282792;-1.8874868898620676;-6.514118428822073;-7.676676660044926;-6.05124837953327;-6.079877875432402;-6.04987562112089;-6.079877875432402;-6.04987562112089;-9.810709583649057;-9.047442723070915;-0.9762039583713609;-2.9997296688635373;1.320260658262434;-0.5022770732076722;0.011903075200009994;1.9988895060867478;-2.9997296688635373;1.0;-1.0;1.985054215146505;1.985054215146505;3
-7.599528967591617;-8.460838025028625;-6.578481284210355;-3.8180501071539226;-2.012818406262319;-5.0;-6.991437933002224;-5.0;-6.991437933002224;-21.18065088089169;-22.834605763384744;-7.06403743985198;-5.131047615366214;-3.2760223308508074;-1.2157412579303966;-4.0691519458611936;5.953537491557157;-5.131047615366214;2.9926200153840483;2.7088920632445657;1.8851524069010566;1.8851524069010566;3
-4.599065440967305;-4.714385766356202;-3.7476274856380414;-5.499655427601752;-2.9855578857498912;-5.946341503594477;-4.038404810405298;-5.946341503594477;-4.038404810405298;-10.899227484869243;-12.39355066541944;-0.9942028982679645;6.9995903918294005;-1.5358035094409743;0.3457728764677839;-8.029715539093985;10.1117462508563;6.9995903918294005;-6.976203958371361;0.0;2.050922637952297;2.050922637952297;3
-2.100435264150711;-3.1378168330042655;-2.2347839881660008;-3.444642492489578;-1.9809703458615644;-5.958832048494076;-5.0249843945007875;-5.958832048494076;-5.0249843945007875;-8.771326227757967;-9.741495718928405;-2.033296378372908;-4.062848411297409;0.02289942979696491;2.146697114830417;-4.874030131297765;6.040315558452598;-4.062848411297409;-2.79127785371265;0.0;1.1561799985488506;1.1561799985488506;3
-2.2360679774997863;-4.838788894175394;-0.3380946229171471;-2.943986127476059;2.116475144587781;-2.0;-2.0415945787922958;-2.0;-2.0415945787922958;-7.38297640718676;-10.812394593554004;-3.0;2.0;-1.227546110251744;-0.3308137557800208;-6.0;6.989131718690636;2.0;-3.0;0.2360679774997898;0.9949496237691875;0.9949496237691875;3
-5.360807536895596;-4.451206677030054;-2.2266875261569794;-2.810090965504223;-3.061140819175627;-5.958832048494076;-7.641171575764322;-5.958832048494076;-7.641171575764322;-11.617425144009403;-11.066311072512761;-2.996744471941888;-4.965967220405574;-5.339560100560561;-5.656763819313127;-3.9949969023763856;8.071388124885914;-4.965967220405574;-0.9985412131205003;1.0;4.103070275855458;4.103070275855458;3
-9.104161275908652;-8.653007754810695;-7.885828924448873;-6.364121733551357;-5.997224171130945;-8.061857630486273;-9.94845701158318;-8.061857630486273;-9.94845701158318;-18.59581429581297;-18.75715522691766;-3.0;-2.9939026657163765;-4.570660816591847;-4.199743881250399;-3.0108682813093637;4.996972455946484;-2.9939026657163765;-0.020824298928626916;0.41421356237309515;2.0144652720581036;2.0144652720581036;3
-6.318803320124626;-4.815020620799942;-0.7487644324650162;-2.2501025276434703;1.9941068139585951;-6.033296378372908;-7.0312195418813985;-6.033296378372908;-7.0312195418813985;-12.947699045485962;-13.236426988169455;-8.0;-0.9688501010017347;-2.726476236252296;-4.508278922163505;-4.0;7.022471119371588;-0.9688501010017347;4.0;0.0;3.0141440486860773;3.0141440486860773;3
-6.31794676808471;-7.164158898606868;-0.1268185114950171;0.39989115434566713;3.013886210738214;-3.035668847618199;-3.033296378372908;-3.035668847618199;-3.033296378372908;-11.950357149316687;-12.949853610540444;-5.9914960036638405;0.9806920478900878;-3.5646335079643947;-0.9134004667442142;-2.988373664786863;5.063766956397082;0.9806920478900878;2.979175701071373;-1.0;2.0713085988826947;2.0713085988826947;3
-6.180066678821177;-2.6207493697157958;-0.5277245218461317;-1.5017404143516728;6.996649953644397;-4.0;-4.0;-4.0;-4.0;-15.021502890460766;-11.957329362351743;-4.993972489122729;0.9218107077197004;-4.014523449153316;-4.046326072129759;1.9043556264761747;-1.9151622400520125;0.9218107077197004;6.9718364462677975;11.0;0.0360585306452208;0.0360585306452208;3
-4.681644159311659;-2.7879921492549258;-3.6595985584687085;-3.086130674685208;0.11586503748044308;-6.83772233983162;-6.038404810405298;-6.83772233983162;-6.038404810405298;-7.675971346492503;-7.063879478318697;-2.0;-3.978190848267161;-0.9368325729282105;-1.48121536038542;0.9997475703768259;1.9903855042166256;-3.978190848267161;2.997687873283965;0.0;3.0050503762308125;3.0050503762308125;3
-8.212042210198828;-8.58487215944428;-4.929179401139912;-3.9036438084270415;-1.0510322552534674;-3.0415945787922958;-5.104973174542799;-3.0415945787922958;-5.104973174542799;-16.085067890712608;-17.255933497419903;-4.0992329195595865;-10.155528902468703;-3.808042215543594;-4.651774524882384;-0.9931496787135217;6.851395914885522;-10.155528902468703;3.085711895374409;2.8284271247461903;5.802701916137593;5.802701916137593;3
-9.028288876705123;-11.431112575589012;-5.332247460806393;-6.505791957441147;-5.9490619126253605;-12.110770276274835;-13.124515496597098;-12.110770276274835;-13.124515496597098;-18.682497902961572;-19.93685033047619;-3.729239049662091;2.9982377709090997;-3.114602397646564;-6.382677593205997;-4.938645198557026;7.0086200490927055;2.9982377709090997;-1.0166620396072688;3.0;2.058403240998871;2.058403240998871;3
1.3409539986403445;1.0123208716558594;-3.154576529046949;-0.35635011823952567;0.0;-6.0;-3.035668847618199;-6.0;-3.035668847618199;-6.898249849409254;-7.252925510946866;-3.995431276002229;-0.9935900069744292;-0.7828687367230955;1.5623861815207363;0.0;4.9100202643563975;-0.9935900069744292;3.997027153315173;3.8466945527984295;4.929701994409882;4.929701994409882;3
-4.842145702080565;-3.599482486154699;-0.5543371131024628;-2.5737342042525952;-10.097978174122073;-5.9009804864072155;-7.0;-5.9009804864072155;-7.0;-16.479240028053212;-20.09713894802603;-2.9842528334541534;1.0166016791886818;-1.9304683607619921;0.09221199428363036;-12.941818891804921;11.00704190430693;1.0166016791886818;-9.984378812835757;-3.0;-1.9501614387990855;-1.9501614387990855;3
-8.790077485291754;-9.296487157193365;-3.630032656217594;-5.378878244704808;1.990068280266641;-8.06225774829855;-6.648044185925454;-8.06225774829855;-6.648044185925454;-16.82752218301809;-18.08356409106547;-1.9301022645541046;-3.984379376400554;0.08195760633281424;1.407193681560841;-0.996472654886162;1.9979976643308248;-3.984379376400554;0.8930991630732592;0.0;0.9981364200614848;0.9981364200614848;3
-9.556218083122939;-9.079011825097368;-3.6773503067120856;-6.995768961733916;3.9249688966646197;-7.069130358459681;-5.038404810405298;-7.069130358459681;-5.038404810405298;-15.886810823126993;-13.978554189080668;-1.9750156054992125;0.205619421677099;3.179117783856441;-0.8205520267676008;1.0752232641646131;3.2398315464359086;0.205619421677099;3.043888470025813;0.8218544151266947;4.014095517954075;4.014095517954075;3
-2.3330770910155003;-4.480953994625075;-4.487266090132657;-2.7208070831850293;-0.9984164687236827;-5.165525060596439;-2.8629515360929947;-5.165525060596439;-2.8629515360929947;-5.891719329764086;-5.161132349206426;-2.995078048559048;-1.997235182303342;-2.013753852492414;-0.8823394175415942;-3.01249804748511;4.9913799509072945;-1.997235182303342;-0.07122706810034884;0.0;1.9795939612572369;1.9795939612572369;3
-11.805822853500775;-13.837848631377263;-8.93848234156009;-6.138437390062954;-3.042533945356304;-9.038404810405298;-8.152946437965905;-9.038404810405298;-8.152946437965905;-19.979465095488294;-22.0382157721383;-0.9989195039165999;-3.0243866176395073;-3.7937947157491863;-2.8511914602534674;0.0;4.98655926702542;-3.0243866176395073;0.9990133208974363;2.23606797749979;4.990743611726771;4.990743611726771;3
-7.266603450216415;-5.312682924655377;-4.165464174111989;-1.3273854381278767;3.3710332243094747;-5.086750485593534;-4.087384933234295;-5.086750485593534;-4.087384933234295;-13.81093021966602;-7.0346458650572;-3.88275723137631;-0.884155217490104;-3.79605318452856;-1.333564460575566;2.0998891351187225;0.08815909777920439;-0.884155217490104;6.0178514522438;6.082762530298219;2.0;2.0;3
-5.779874882647746;-5.362344525237873;-2.2926914140698003;0.8628206845266675;3.0166620396072688;-4.0;-3.9615951895947017;-4.0;-3.9615951895947017;-13.89739940721742;-13.142395416704815;-4.966703621627092;0.03010628263319859;-2.6333332199407735;-4.471876693313398;-4.987806691180246;8.910080854527223;0.03010628263319859;0.0;1.0;3.9581363135135206;3.9581363135135206;3
-5.569620626421436;-1.498213721674599;-3.1045751857613766;-1.926441672150382;-1.7741955795849051;-3.95012437887911;-5.9695499926067015;-3.95012437887911;-5.9695499926067015;-14.90129470823841;-12.424558325063856;-6.831584817074248;-5.981085431955492;-5.561538573982297;-5.996782744668195;-4.8765768989331875;8.986794085723155;-5.981085431955492;1.99225308893881;3.1231056256176606;4.064656802560748;4.064656802560748;3
-2.4337605764263017;-3.7648943757433386;-0.07384652057317709;-1.7458921772226077;-3.160255680657446;2.9289321881345245;0.0;2.9289321881345245;0.0;-6.964410598458684;-11.158532529630975;-1.8966404155048462;-2.9955654132218115;-3.6602944367731425;-2.026145339290487;-2.9098429156607466;3.521624719287722;-2.9955654132218115;-0.9973649538746301;2.1622776601683795;0.7011845701513977;0.7011845701513977;3
-7.415339727863383;-5.750674174166331;-4.400338687875561;-5.104316498031537;-6.979175701071373;-5.0;-4.9009804864072155;-5.0;-4.9009804864072155;-9.56796222006227;-9.275627359896774;0.9979231635084904;-2.970853853868803;-0.8120584747887634;1.7593005432197728;0.0;0.08621230481471542;-2.970853853868803;-0.9995546649515461;0.0;0.06422279356777949;0.06422279356777949;3
-7.753569358470081;-8.248900834680708;-4.7417463811550675;-5.688231999245922;-3.9972442507002093;-4.97052676692682;-8.06225774829855;-4.97052676692682;-8.06225774829855;-15.750786423479866;-14.752431125650077;0.9155273141656117;-3.0353823494101135;-2.681903060533415;-2.2237714845160212;0.916508379021522;2.1158229087577354;-3.0353823494101135;0.0;2.76393202250021;3.0621010599499954;3.0621010599499954;3
-2.8993217646395344;-4.870698080866262;-1.1020279528407286;-0.36730875727846524;1.0;-7.038404810405298;-9.035668847618199;-7.038404810405298;-9.035668847618199;-7.786336219720511;-7.103448628068534;-8.979623377313526;6.006249755878443;-5.155858591863847;-6.415045716185865;-6.956113580573245;8.033324079214538;6.006249755878443;2.0199920063936077;-1.0;1.0780341836055385;1.0780341836055385;3
-2.5877231180391043;-1.3959652163430079;-1.6911612743991356;-0.6168550857686057;-0.07787827621359611;-4.0829209178048025;-5.045361017187261;-4.0829209178048025;-5.045361017187261;-7.740310654512598;-6.851507373673272;-5.0;1.3092785700858371;-3.5144487066976;-0.21744329864659306;-0.9583514021427462;-1.9997127056172843;1.3092785700858371;4.071337695236398;2.1622776601683795;-2.9998701832601;-2.9998701832601;3
12.59349207409337;15.749593322508083;1.873304134669823;-1.825562321135223;-2.928662304763602;-0.02775637731994607;0.0;-0.02775637731994607;0.0;12.040224114281983;13.76987388941751;-1.017236257093817;22.032654617401647;7.598901261951049;5.7106150261514514;9.0;-7.00833275470999;22.032654617401647;9.9821485477562;9.585786437626904;1.9957265737699714;1.9957265737699714;4
-3.2565682140428542;-2.256419670300577;-4.103520386397108;-4.068815987004861;-3.9967833057699167;-0.9944904829834726;-2.983103268888712;-0.9944904829834726;-2.983103268888712;-5.734778006455201;-4.839040454827398;-2.023796041628639;9.047442723070915;0.843139754555601;4.46387674520637;8.997988160570237;-8.967973478242826;9.047442723070915;11.015148038438355;15.0;0.0;0.0;4
-2.360412090531625;0.7027867951951485;-3.553509276273573;-5.614099619186973;-6.793662613425347;0.0;-1.9862547796777363;0.0;-1.9862547796777363;-3.611306341769307;-1.4632386669995157;-2.7623078928687193;17.90954449647542;1.6848729098368125;4.432499443089881;9.174065887116015;-8.061829662240541;17.90954449647542;11.892082972594434;10.6273810164192;1.1096946101657181;1.1096946101657181;4
1.7660833272137921;0.9557700706529104;-6.948630037345417;-2.9732860213769143;0.08037387077673941;0.0;1.9584054212077042;0.0;1.9584054212077042;4.253508060594498;3.042365816784212;-3.761119539996571;20.07881518846324;3.429033997153013;1.9295881684986256;6.063810872808887;-8.129975489275232;20.07881518846324;9.892339500223446;9.76393202250021;-2.1285249825031514;-2.1285249825031514;4
-0.7410575211541541;-0.4377240276720542;-6.667843903468103;-4.7989672711523;-6.994933173164593;0.1756854395454024;-1.9876178728223408;0.1756854395454024;-1.9876178728223408;-0.1952949697534052;-0.7449850579251063;-7.930771352740905;27.802255511835284;1.8834051028039909;-6.1526377918080755;4.0691519458611936;-7.068893771121395;27.802255511835284;12.034022620904203;12.585786437626904;-3.0548638474092087;-3.0548638474092087;4
5.404913446142064;6.808431551193479;4.818517815133433;10.06527920733469;-0.9612496679518401;4.989351566914648;3.0;4.989351566914648;3.0;10.00526301210897;8.981570038291352;1.9132072387696084;7.997615857901636;3.5835951241015565;8.50246315732366;9.988637830669227;-8.988118992926076;7.997615857901636;7.976203958371361;12.0;1.0229686757402163;1.0229686757402163;4
-1.5346749058428948;0.0;-5.957025761057864;-5.79893039815768;-1.8310546283312235;0.0;-2.0384048104052983;0.0;-2.0384048104052983;-4.8303914485783395;-1.9707603025428284;-4.994526708488181;3.0248573153553338;3.93782369643953;3.3868162190733955;4.999186926298421;-8.965632425014917;3.0248573153553338;9.931116292502733;9.0;-4.013709349937926;-4.013709349937926;4
3.879882109351847;7.039181719537055;7.786248912707393;3.5267850261220417;9.94598537270219;2.98250847361809;1.0912191182241902;2.98250847361809;1.0912191182241902;6.972552084297064;9.167670132734372;0.0;8.005376188691372;7.064580849220732;8.22277364552378;17.955577481779166;-13.038151265968182;8.005376188691372;17.99046444237708;18.0;5.0226442930482165;5.0226442930482165;4
7.467295489466064;7.600070042476425;-4.364398749044284;-4.5798479302650605;-3.998265023573971;-1.033296378372908;2.0755868086163964;-1.033296378372908;2.0755868086163964;5.040946042001025;4.579253199638018;-2.925801189199639;23.021123988990695;-1.6958895265699994;7.5486754533283005;2.1774279923060718;2.176408445953051;23.021123988990695;5.056891567144145;7.062257748298549;4.3686987057090505;4.3686987057090505;4
1.9186701472692604;1.9467924493331878;-3.1056523886423406;0.5260966034107071;2.0113621693307735;2.9706136340735974;5.056891567144145;2.9706136340735974;5.056891567144145;5.973876366034887;7.0297503722909624;-0.9477783321100013;17.0;4.548473249190849;3.780793808012355;4.061941163855401;-10.94749281959659;17.0;5.014282800023196;12.038404810405298;-7.003999936002046;-7.003999936002046;4
-0.014910434016421448;-2.214364160457116;-8.611687202997452;-8.9856663854777;-7.612587447984108;-1.9930437932180372;-0.08276253029821934;-1.9930437932180372;-0.08276253029821934;0.4416197179171917;-4.35097153287424;-4.874809939354041;15.103753140073039;1.30601535187688;5.466320764265916;11.996843382703524;-8.906341374355804;15.103753140073039;16.913759804401714;19.024984394500787;3.015143026633794;3.015143026633794;4
1.7899088213311956;-3.504111242307392;-4.416614538281209;-5.478465617404382;-5.790020853796779;-1.9955506942631995;-3.0312195418813985;-1.9955506942631995;-3.0312195418813985;0.1390091843818766;-7.748594270062725;-2.023796041628639;13.535553549659468;7.540687981641206;0.12880176031037394;7.0094331227942845;-4.023264069549981;13.535553549659468;8.994710696996293;11.0;2.981652920253836;2.981652920253836;4
10.415606252980563;12.099670472530498;-5.346139875766482;-3.2133380646881022;-5.696414414929819;1.9930437932180372;0.0;1.9930437932180372;0.0;12.924501431093518;16.121551945714018;1.077216797222853;12.041568651359512;4.764582480197184;6.398271440453229;5.081787557369601;-2.97041936239539;12.041568651359512;3.962311088263206;8.055385138137417;2.111391734679543;2.111391734679543;4
10.597485127191632;8.152789373488332;4.280983333296021;3.5226009958457354;5.052595180880893;3.0;2.0415945787922958;3.0;2.0415945787922958;13.633013581331412;9.698031517902095;0.0;16.956518798474022;5.521432451209641;0.987296998306995;7.994488501400419;-5.888231434668917;16.956518798474022;7.987529705238778;8.0;2.0579474878615684;2.0579474878615684;4
3.3057217914621653;5.283591241218623;-4.454485791868066;-2.959649498088204;-8.995374038525622;1.0;3.0;1.0;3.0;1.3398113205660422;3.757419339343272;-6.0;12.982634775129526;2.987812280160014;2.7414840247256365;8.990197020572602;-8.0;12.982634775129526;14.9821485477562;16.0;0.9955753078668153;0.9955753078668153;4
7.796567181878977;6.618880859346071;-1.0385515624095518;-2.170868818464328;-2.9389336083807365;1.9979328248140362;4.99500761189282;1.9979328248140362;4.99500761189282;6.971463779202438;7.286769042423515;0.0;10.018073469614365;3.847074996873424;5.55732107303394;18.997996105704736;-10.039950356471202;10.018073469614365;18.99541681311829;24.020824298928627;8.98602129069738;8.98602129069738;4
2.6053563806805187;1.9844983598482955;-8.594198313167183;-3.8153971888297207;-6.054663921582808;1.081383910348432;2.071994864921834;1.081383910348432;2.071994864921834;3.4435757948749313;3.1146186356346988;-5.995135906698561;31.0;1.4370977377966767;2.571511718609351;12.031826593534639;-8.942897738118972;31.0;18.02676778432865;13.71853238804846;2.9659134920076724;2.9659134920076724;4
-2.1931908846692743;-2.4474256873475326;-0.8256005105585729;-0.9787806812597211;6.986004955379315;-3.033296378372908;-4.095960666972736;-3.033296378372908;-4.095960666972736;-6.053002797442147;-5.974889141315458;-13.134099846199502;34.977350666974345;-1.3428411479840179;0.2567184978052026;8.97816920436302;-5.9791942574085795;34.977350666974345;22.073238662321717;25.019992006393608;2.991410156896606;2.991410156896606;5
-1.7093603608555874;-0.8320162183561841;-4.468697471937972;-3.3363630370348005;2.998808343253593;-9.0;-11.143687776410145;-9.0;-11.143687776410145;-3.7549342737702602;-3.8280950367948066;-9.99093866665337;36.01317184381621;-1.2936338816318624;-5.715245411943172;6.999101355109282;-2.0663331344096534;36.01317184381621;17.0;14.031219541881399;4.999322447394931;4.999322447394931;5
-1.2745257286713283;-1.010974307037607;2.362362000959436;0.950600277302641;7.135887116239154;-3.0415945787922958;-1.9960899875534945;-3.0415945787922958;-1.9960899875534945;-0.999268203365915;-0.8868516514421572;-8.079872407968907;32.06105447462264;-3.0165916836756423;-3.6339300223777897;9.02352109978714;-5.217496311043696;32.06105447462264;17.02726283754639;15.615172803553307;3.996088786046599;3.996088786046599;5
-0.2982212813470362;-1.9047197361238517;2.7417581588614652;-0.7945995109829198;0.8998818339915005;-0.9446148618625827;-3.9524060629226074;-0.9446148618625827;-3.9524060629226074;-3.0065786626394555;-2.89406334306004;-6.982395360132685;22.014201305618272;-0.813033694229766;-3.0795991019841686;6.998049875047045;-1.945151983690451;22.014201305618272;14.0;19.0;5.015821255693567;5.015821255693567;5
-2.2259730162127056;-0.49393650607794015;-0.49725698670617646;-0.869549113935328;3.979175701071373;-4.0;-4.962598486889042;-4.0;-4.962598486889042;-1.912318645809151;-0.99742201237909;-5.0;24.993055890421232;-1.4139880639392999;1.6008380484153903;10.0;-8.905841139653766;24.993055890421232;15.0;16.0;1.0348675134255672;1.0348675134255672;5
-0.9284494224475104;0.0;0.053209566677054454;-1.3977649224286424;2.0834460598468496;-1.9289321881345245;-1.9546389828127388;-1.9289321881345245;-1.9546389828127388;-1.9798313051030476;-1.4676468889652625;-9.985155451310428;24.02069839980595;-6.222644974287295;-2.4702908380729625;-2.8869368492937895;4.657640470391598;24.02069839980595;7.070801978190779;1.4142135623730951;1.786000372334712;1.786000372334712;5
-0.9386492752202535;-1.3018219295430633;-3.6029558146517857;-0.4753109929267083;2.0161248385416464;-3.1180821392004;-4.976147062106749;-3.1180821392004;-4.976147062106749;-1.9803592138078727;-1.9803592138078727;-4.987791787134107;24.932087818568206;-2.326046055706229;-3.0050168979152865;9.956622466874826;-4.896147738114884;24.932087818568206;14.975015605499213;17.0;4.967716153788501;4.967716153788501;5
-1.3533889900239409;-1.749428434905962;-1.6640000934443577;-0.3569456099155275;2.997687873283965;-1.9917189576714058;-1.9876178728223408;-1.9917189576714058;-1.9876178728223408;-3.633246282853719;-3.0646858954438727;-1.9142141182259529;22.02008773493543;-3.287959714565993;-3.562208502589712;11.034573353110467;-4.99867497248961;22.02008773493543;12.994341856575954;12.585786437626904;6.032107869162573;6.032107869162573;5
-4.252775092790024;-1.8972716494487258;-2.410996130034164;-1.0244708324621286;3.917931575736027;-3.95012437887911;-3.937742251701451;-3.95012437887911;-3.937742251701451;-2.984219302968384;-1.857095552794675;-9.046400537017703;36.905531920297875;-5.52734284473857;-7.935102445207136;4.773774953747896;1.8172560536796425;36.905531920297875;13.941227268147195;22.60661073655553;6.583648780266259;6.583648780266259;5
-2.6943222014900314;-4.4327361529561;-1.8452274713325778;-0.44678842007414943;4.065503575006208;2.0;-0.0710678118654755;2.0;-0.0710678118654755;-3.6662529466850913;-3.8798055649374987;-7.857864376269049;30.0623497682121;1.8393855222846653;-1.6867199420361487;8.12712716914556;-4.209444880885584;30.0623497682121;15.938368710092366;23.840741643310807;3.862056704016794;3.862056704016794;5
-1.5136329843952083;-3.1620728428921083;-0.5132444755590342;-2.0702054789669404;-0.04281348589301359;-3.985793226497309;-6.07908781457742;-3.985793226497309;-6.07908781457742;-4.042304772313486;-6.572710401594833;-5.811901438274816;24.078261470131935;-3.1154290640153093;1.1177967813586847;2.188734092743651;-1.2636171760642014;24.078261470131935;8.054363399138825;16.029386365926403;0.9931504131015032;0.9931504131015032;5
0.19820295825341816;0.2786318445480873;-0.614454657146311;-0.30355420621704354;5.958766988449881;-0.9976275307547091;0.0;-0.9976275307547091;0.0;-1.991785586799665;-0.9992243551577502;-8.186773244895647;33.72579225782556;-0.5544575770563611;-5.0456024944676585;13.789540008017681;-11.75252325351854;33.72579225782556;22.005906058878374;23.08318915758459;2.0699256000797845;2.0699256000797845;5
0.9924649817038329;-1.3772931387683442;-0.8043192532725527;-1.3247581308190064;5.068623832916806;-3.09677460654369;-4.0;-3.09677460654369;-4.0;0.9904719513110081;0.9731901429823324;-4.847805095913248;27.073023624928865;-2.4857655491261994;-4.7935213084019;4.0734532312667255;-0.9362173808485466;27.073023624928865;8.97736135204849;11.041594578792296;3.1412765605203106;3.1412765605203106;5
-0.9753052436259928;-1.6099186477224983;-2.7650921157955324;-4.16658651276115;0.0;-3.987935361185647;-2.85532896011925;-3.987935361185647;-2.85532896011925;-1.9998647872111945;-4.998530061029683;-6.903581530304937;20.159420201867803;-7.032475015674059;-3.1745232615737535;8.144995914501514;-4.023629627990587;20.159420201867803;15.058772731852805;13.035668847618199;4.109856838847591;4.109856838847591;5
-2.606315869087396;-1.689796851020077;-0.4917794583103827;-0.8345265851484456;4.0;-2.954638982812739;-4.983420757252018;-2.954638982812739;-4.983420757252018;-2.9998320033645456;-3.9979635137463703;-5.021728866442675;19.004854254544725;-1.992057757832768;-2.518003237295609;7.0;-5.048656216557873;19.004854254544725;11.97620395837136;7.585786437626905;1.9668527978241173;1.9668527978241173;5
-2.7538831008110094;-2.2788429585169396;-1.0975276201475879;-1.4103081010054552;-2.037737332889776;-1.0;-3.9834379153428117;-1.0;-3.9834379153428117;-4.181882629196636;-4.530321854764338;-9.670514702374678;28.126676524074355;-7.584816227480935;-5.9332473868819235;4.264277851683026;-1.4386471921514783;28.126676524074355;14.035532619452564;11.906067646231161;2.881526286895351;2.881526286895351;5
-2.174234408473936;-0.969223817777042;0.0;-1.384879764765401;4.0322292094010805;-1.9917189576714058;-2.9172374697017807;-1.9917189576714058;-2.9172374697017807;-4.038113302479786;-3.044239182196975;-3.0;27.070432768221664;-0.4152267500391815;1.6121951078068122;5.9951884793481725;-4.0;27.070432768221664;8.981540013278124;12.621455285245103;1.9996302458959718;1.9996302458959718;5
-2.2066572409051304;-3.1455537832095857;-1.1303731185249006;-3.9774299739821473;4.9768525009237266;-3.9793368304937466;-3.993764852619389;-3.9793368304937466;-3.993764852619389;-6.994108995528407;-6.681210357019864;-0.9048708693293044;32.09554263578917;-0.5527751508650383;-0.9129148077081979;14.1741773379729;-1.8762064075719636;32.09554263578917;15.095293926847376;22.021728866442675;12.300266998951741;12.300266998951741;5
-7.53881006707897;-6.93507319751782;-2.3674737867162037;-0.8818874075184553;7.955849414690881;-2.95012437887911;-3.983019672267881;-2.95012437887911;-3.983019672267881;-10.988989069623955;-9.288703163143353;-1.9584054212077042;35.01037767655927;3.90497779148005;3.517925260129509;6.0;0.9997784424585774;35.01037767655927;8.010868281309364;11.871018718204528;6.99966649995352;6.99966649995352;5
-2.2237647407657093;-0.9729758211461288;-1.4037662424444477;-1.3823562070600133;1.9878066911802463;-1.9899758790498439;-3.0;-1.9899758790498439;-3.0;-3.752828849133479;-2.0691668497235156;-6.897213369845577;23.111806060081832;-3.046769270837075;-2.948162401584952;5.213227547992851;-2.971205435057307;23.111806060081832;12.115332965475606;11.041594578792296;2.1968395412678774;2.1968395412678774;5
-6.260108945283999;-4.886775719574487;-0.5300998133682882;-1.124112135316878;3.055512754639892;-4.033296378372908;-2.9937175183082037;-4.033296378372908;-2.9937175183082037;-4.98158874601593;-4.0789376258547065;-5.891050091207083;22.004854254544725;1.0136908016557769;-1.701215501642217;8.078016070272767;-7.998670988300319;22.004854254544725;14.014282800023196;11.041594578792296;0.019800039398219837;0.019800039398219837;5
-1.028659520127082;-3.4182854038143233;0.25695759982949085;-2.432797065074652;7.171759552640154;-3.9642963306577848;-5.97341109931965;-3.9642963306577848;-5.97341109931965;-0.03681661850289686;-2.999824658820515;-8.021728866442675;33.016947935455434;-1.9370157696366235;-2.311873978615054;8.989362905827363;-5.998887138528886;33.016947935455434;17.0;19.0;3.0047617967871076;3.0047617967871076;5
-1.5346749058428948;-3.9977697349204426;-1.9220891840039158;-0.48040562925260133;3.92393349500891;-2.9917017995806123;-3.95012437887911;-2.9917017995806123;-3.95012437887911;-3.015779848717628;-4.079014691983801;-5.834901566689933;25.994186243021915;-2.474635326963501;-3.380404221076404;7.042728006688726;-4.008771254956898;25.994186243021915;13.0;7.0;2.998715600871037;2.998715600871037;5
-4.908704594978325;-4.551893922952953;-0.14259065909030966;-0.8597298214950584;2.9981498673946767;-2.0415945787922958;-2.990307830430938;-2.0415945787922958;-2.990307830430938;-7.040625770021279;-8.0560089933755;-2.9750156054992125;11.096739281167288;-0.023511521426698323;-3.297777694849252;3.951248496452415;-4.970897624388229;11.096739281167288;6.909221730118773;4.0;-0.9846443374880494;-0.9846443374880494;5
-2.6829634037670047;-2.217528563513955;-2.2143581928449763;-0.36254955523075694;3.9835131357057207;-5.079154479409837;-4.962837550811848;-5.079154479409837;-4.962837550811848;-2.78713531469198;-2.8958394033313937;-7.983389815708492;35.99190569738916;-2.7985474281452696;0.3170019675548943;6.998504756075775;-0.03920062069938268;35.99190569738916;15.0;15.585786437626904;6.999646062488807;6.999646062488807;5
-3.1268837781425027;-2.850116555630244;-6.974481074399641;-3.976235376526432;1.0401284165595968;-13.029386365926403;-14.033296378372908;-13.029386365926403;-14.033296378372908;-4.803456239965172;-5.712251759118416;-6.834474939403561;31.977014530642535;3.7993256138551317;0.9468169783900251;6.1427509603118295;-1.969630482996159;31.977014530642535;13.031456616788983;19.0;4.019605958854797;4.019605958854797;5
1.3454957896480053;-0.849014414861923;-2.231608108674486;-0.5525921224507258;2.0431515446885626;-2.9885291892844084;-2.9446148618625827;-2.9885291892844084;-2.9446148618625827;-0.9070269998764644;-0.7355044295446902;-8.021728866442675;36.99817999077865;-2.7074417675062534;0.7518199671758055;4.0;-3.0;36.99817999077865;11.979175701071373;14.585786437626904;1.0;1.0;5
-1.450156546317917;-0.8865592160078748;0.42179719091860335;0.15455838107352804;-1.998959147556974;-2.0;-4.976147062106749;-2.0;-4.976147062106749;-4.731307022278216;-4.212164650256;-7.888982916021119;29.011576232536115;-2.719479268885543;-2.5440947723652982;0.14974581573786594;3.188075238475953;29.011576232536115;8.05709628591621;9.0;3.3805395660213406;3.3805395660213406;5
-1.7252005908149357;-2.9075043001792444;-0.07729249853206;-1.5589036710097872;2.988373664786863;-1.0312195418813985;-1.972243622680054;-1.0312195418813985;-1.972243622680054;-4.05856052043967;-5.745644611060399;-7.994395972098971;35.03066721347422;-2.044479167169108;-3.1404862816996513;2.0;-7.954452223277443;35.03066721347422;9.996068470278107;18.0;-5.979098691459313;-5.979098691459313;5
-1.2159037713076373;-1.6833281282526684;-0.32620023123418207;-1.726316833571147;0.9976300178952755;-3.9589904360006596;-2.937742251701451;-3.9589904360006596;-2.937742251701451;-3.997778533026292;-6.191705537980809;-5.904486097818985;27.97143439995361;-7.532976169509261;-4.760459228332699;10.008927859761783;-3.9993615835295984;27.97143439995361;15.991089539819644;17.0;5.995192418811712;5.995192418811712;5
-3.1602944239188204;-1.9611317263649326;-0.3753177323758976;0.0;0.9975175816500155;-6.975834403743981;-7.8138076436211;-6.975834403743981;-7.8138076436211;-5.864644018320064;-5.160527371923564;-4.995427620886737;20.276248301736956;0.010544440998714322;-2.038882658098693;11.11947095404507;-9.995090849107505;20.276248301736956;16.120565022127803;18.1049731745428;1.1015060390709976;1.1015060390709976;5
-5.445057024611959;-4.40439064372115;-7.070907347106768;-6.365729853542504;7.976203958371361;-6.971038630074359;-7.939385296812514;-6.971038630074359;-7.939385296812514;-6.699002682050164;-5.09589475818278;-7.964331152381801;44.97727566133845;-0.38847251629005797;0.07978279857804438;6.008473967727717;-2.0;44.97727566133845;14.0;15.0;4.004716876184332;4.004716876184332;5
-3.978676193240865;-2.5935376404303483;-3.1173571211363367;-3.232103562953114;5.991655217631376;-6.971038630074359;-7.0;-6.971038630074359;-7.0;-3.7859599391918692;-2.983526449490242;-9.018512172212592;35.993115198942434;-3.4560706174621885;-2.467358269132866;6.990115423554371;-1.973860240522356;35.993115198942434;16.030196922044002;18.026297590440446;4.986539482898479;4.986539482898479;5
-1.950835106819671;-3.8801490006259094;-2.871957065862361;-4.086303089377125;0.9895844633687858;-4.906735186730584;-3.9671130908226706;-4.906735186730584;-3.9671130908226706;-5.953136438507272;-7.037683740264342;-9.983324056037377;33.01709276853532;-1.0846203589124173;1.9819664034551039;7.953513499938232;-4.044817974564417;33.01709276853532;17.988171222995636;15.615172803553307;3.8887120071999846;3.8887120071999846;5
-3.0867099084426712;-2.7108540216431116;-2.227524602956592;-1.93041296962123;5.118231599317983;-5.977911240235491;-5.977911240235491;-5.977911240235491;-5.977911240235491;-6.791604159930003;-5.99032729088357;-9.95012437887911;24.0;-3.0024724214062886;-3.365755613899978;4.010868281309364;-2.0;24.0;14.0;14.0;2.005263012108969;2.005263012108969;5
-1.1601887365512482;-2.01477928614829;1.3616573279236661;1.8811091790333947;5.014702703389901;-2.9917017995806123;-2.9615951895947017;-2.9917017995806123;-2.9615951895947017;-3.8197285528253104;-4.0658300167962835;-6.0;24.994117850586363;-1.3884135492616991;-2.3800176348184365;14.008473967727717;-6.82435323682158;24.994117850586363;20.011362169330773;19.026297590440446;7.1172124768841485;7.1172124768841485;5
-4.089560603595572;-3.1480012290045494;-6.345615394123364;-1.635549446517608;1.9864889533565062;-7.968961793582849;-7.027756377319946;-7.968961793582849;-7.027756377319946;-5.872531878173888;-3.663959318674401;-12.914347347372468;42.90892575380127;-3.4927429431650694;-2.0419707097789512;4.996225003468268;-2.9694491100070692;42.90892575380127;18.0;18.0;2.0327865398918163;2.0327865398918163;5
-1.6605279158133612;-0.15199803884485874;-0.8610822613737668;-0.8195970633131537;6.187218433497208;-4.0312195418813985;-4.062965657054576;-4.0312195418813985;-4.062965657054576;-4.0;-1.8516618469143964;-8.053496382857483;28.017835418308522;-3.0040292060653755;-4.905572649440863;9.923931224140809;3.1953426040374424;28.017835418308522;17.97754492902442;18.61077083212769;13.099586678031528;13.099586678031528;5
1.5346749058428948;-1.9011858312816408;-0.9390968001480928;-1.4793388822846367;2.982254817621701;-3.9289321881345245;-10.104973174542799;-3.9289321881345245;-10.104973174542799;-0.9993231810059768;-5.242346958231039;-5.027756377319946;24.831273436845365;2.4101532257104523;0.15589305504121853;8.73233277487602;-0.3977030999845752;24.831273436845365;13.717505180907391;17.585786437626904;8.321999213848954;8.321999213848954;5
-1.6449015616575267;-0.9527358852770078;-4.939352884776646;-4.637542192361217;5.939449490366918;-6.0;-6.585786437626905;-6.0;-6.585786437626905;-3.0952393489584296;-1.0881976542187317;-5.9840253487391415;23.983034676031835;0.635241144808063;-1.7928446731730858;7.958351402142746;-1.9968025595381675;23.983034676031835;13.994984901165953;17.0;5.919183143221517;5.919183143221517;5
-7.634835802465695;-4.716218395436421;-4.109842702182725;-3.2426661931659098;1.9588037789645085;-5.0;-7.95012437887911;-5.0;-7.95012437887911;-9.881216113800164;-6.993454901544965;-6.9659463889609015;24.94541267373431;-2.495648004350123;2.2544333046281793;5.988269962660482;-6.036311198489116;24.94541267373431;12.990906661761262;14.033296378372908;-0.05085947494846721;-0.05085947494846721;5
0.0;-2.4282500551478208;0.7420920276879528;-0.7263525599212954;3.9481099466440845;-0.95012437887911;-1.9797995124556511;-0.95012437887911;-1.9797995124556511;-0.9533070063489788;-3.0957076011871294;-3.9642963306577848;29.150288441538734;-3.873637511821407;-3.7387398247346084;4.154552288980284;2.994500472135009;29.150288441538734;8.106932284133084;11.025495983004314;7.126142229821227;7.126142229821227;5
-2.7830719383932276;-3.549308737155201;-0.5564958857637237;-1.9886272616339298;3.985717199976804;-4.0;-5.033296378372908;-4.0;-5.033296378372908;-2.9941862430219146;-5.052846440605435;-5.990499663255731;21.005050376230813;-6.237929626843467;-2.8577017847286754;-3.9613933803291985;3.852054517276464;21.005050376230813;2.0199920063936077;0.0;-0.02550157600676073;-0.02550157600676073;5
-0.9245920592818884;-1.0920274165712804;0.23248169235077398;1.5738469080691715;3.992179975106989;-1.8701437870217603;-2.0;-1.8701437870217603;-2.0;-3.0920597937533643;-3.875320593745826;-3.0593931159559524;21.96387912915202;-1.9362137638713932;-0.7895942770182032;2.9993619060273105;0.026305671439899925;21.96387912915202;5.978271133557325;7.641171575764322;3.0228188214305476;3.0228188214305476;5
-2.2357620650650496;-0.4007575648881705;-0.6876342268474502;0.5920378019711521;3.9985356062391233;-5.9289321881345245;-6.9646010357527235;-5.9289321881345245;-6.9646010357527235;-2.738177010482005;-3.0911128293656844;-6.98812719401044;26.004716876184332;-2.7853691803105534;-4.685290334701655;2.989362905827363;2.048270547615523;26.004716876184332;10.013886210738214;13.035668847618199;5.039726867444713;5.039726867444713;5
-0.9595627584673991;-1.9992694067582093;-2.8706080428386542;-3.9276207642151775;2.990430694839006;-3.0;-3.035668847618199;-3.0;-3.035668847618199;-2.6661363015901998;-1.9998708636016858;-9.8112962397297;21.02083107326243;-4.649970567535391;-4.984094198361241;2.993769490525473;-9.024269494816252;21.02083107326243;12.972243622680054;14.585786437626904;-6.038848617236113;-6.038848617236113;5
-2.5154676196984873;-3.1573938773101276;-0.5528375088230106;-1.589654797375026;3.0;-5.937742251701451;-5.977911240235491;-5.937742251701451;-5.977911240235491;-5.948878485279934;-5.826305561323636;-7.961595189594702;25.99473698789103;-2.53731465682727;-2.4523314315138336;4.0;-2.0312423743284853;25.99473698789103;12.013511046643494;7.0710678118654755;1.9818196841994649;1.9818196841994649;5
10.607054043967658;11.143457836150134;-1.6350272060415136;0.9097673072094778;-5.980007993606392;-1.0;0.0;-1.0;0.0;13.154247018014956;14.008454546588993;0.9994257825134518;-1.9609446906411563;2.6601833656718483;0.10587701868351473;1.0338885725817661;-10.008196170678573;-1.9609446906411563;0.0;0.41421356237309515;-8.98602129069738;-8.98602129069738;6
-2.1357110174693688;0.22770232184132055;-0.28270383710090385;-4.8785640029675506;-3.9498336660050626;-4.0;-5.110770276274835;-4.0;-5.110770276274835;-2.6860435457357;-0.7007547396122362;-3.0;5.9819681836277425;2.59111353932353;3.6678161056217107;-6.9886378306692265;3.816087338683303;5.9819681836277425;-3.977284454454761;1.4142135623730951;-3.123689863850103;-3.123689863850103;6
6.700624756172502;5.986980681026566;1.7499970013330994;1.5956434864689868;2.9811025946094105;-0.9546389828127388;0.0;-0.9546389828127388;0.0;8.017227487760564;6.995478532779714;-1.9965368354385475;-0.992537728996183;1.820614257979507;2.391073967669058;-2.998987000841616;2.9994341225943373;-0.992537728996183;-1.0;-1.0;0.0;0.0;6
0.7593815782033886;0.5943141845271107;-2.919313837107076;-2.230331717322805;-5.019992006393608;1.0415945787922958;0.0;1.0415945787922958;0.0;1.4763417124577245;1.0699923183191373;-2.9706136340735974;7.0185949082177075;-2.982621614778253;-0.74657497891247;-5.963716519309614;2.040799340956916;7.0185949082177075;-2.998012594578441;1.0;-4.0052081920559175;-4.0052081920559175;6
3.730484523238431;7.094378446557215;0.8011434409671594;1.6011305299851415;0.45270108923482866;1.9917189576714058;2.071994864921834;1.9917189576714058;2.071994864921834;6.216865495841944;7.967811278500548;0.9952718674872081;0.1188666287465594;3.7062993022328143;4.399779349146783;1.1344587181537449;-4.858400584507372;0.1188666287465594;0.20157269494091068;0.0;-3.717156002205556;-3.717156002205556;6
4.701836348869527;5.689519201357395;-0.9956384599788564;1.683326266138998;-0.9864889533565062;0.0;0.0;0.0;0.0;4.98411930046926;6.014397766798879;-1.0217288664426754;3.0;0.0;0.9636599879312371;-3.0;3.1474374134340906;3.0;-2.023796041628639;0.0;0.09423067048702194;0.09423067048702194;6
0.921617229494796;1.13856058622925;-3.195078580652371;-3.831284787294571;-7.054829629795353;0.045361017187261155;0.0;0.045361017187261155;0.0;1.2523789422788667;1.0284561008551805;-2.1710309678577637;2.028831811108404;-0.3325155821986243;0.9011557240013346;-5.051928943623722;2.0089278597617835;2.028831811108404;-2.9706136340735974;10.0;-2.9985205076809223;-2.9985205076809223;6
2.565816976833389;0.7915618168728784;-0.45813257218844683;-0.6486380077752969;0.0;5.75829492112478;6.0554327802646455;5.75829492112478;6.0554327802646455;6.183124349707242;5.921527055720006;0.9960707268558693;2.1706176658227605;1.6403058448320493;0.7865497437632811;7.061081791541973;-9.685614938993503;2.1706176658227605;6.064950596825966;5.0710678118654755;-2.6716681636880963;-2.6716681636880963;6
0.3518697648406999;-1.056484888450619;-2.64354392180217;-2.2345905627354767;-4.923967767170701;0.0;0.0;0.0;0.0;-0.8571319242742987;-2.1615085284078503;-0.9960707268558693;-2.078842839286395;-1.7950994526906143;-1.909675598224446;-0.996472654886162;-2.050827100700772;-2.078842839286395;0.0;0.8218544151266947;-3.0598553100989676;-3.0598553100989676;6
2.46625811196909;-0.4202185139867254;-5.349192484485663;-7.8100003304472025;-6.959619901776094;1.1037308133256527;1.9797995124556511;1.1037308133256527;1.9797995124556511;4.9997709521638;2.0234327542797814;-1.990049935186189;-6.047705938670646;-1.303363585268265;-0.5892506274033664;-1.056932041247336;-4.9165609121386495;-6.047705938670646;0.977284454454761;1.0;-5.98726719690336;-5.98726719690336;6
-3.0459492040245593;-3.087251254091953;-3.226367373963896;-3.605143251349922;-0.9014680847569672;-2.1005410449386552;2.22938012325916;-2.1005410449386552;2.22938012325916;-1.0851152455561248;-2.521510362468902;-1.9737024095595537;7.0584193972339335;1.7674450498838539;4.261571598646299;-2.959598127938861;-7.907460353383485;7.0584193972339335;-0.9986868040603412;0.0;-10.847702405836515;-10.847702405836515;6
8.767312559476977;8.179009918719519;5.013705985973594;1.7996682469533098;0.8905560545627011;0.031219541881398527;0.9340315376982353;0.031219541881398527;0.9340315376982353;10.07707172142318;10.310114134832617;1.9924671232100692;0.871795294587784;2.815405636549748;3.830094339716979;-0.08304196910145833;4.920274918832419;0.871795294587784;-2.073724603230577;0.0;4.834157897574855;4.834157897574855;6
4.214945738147826;5.118259661219717;-4.096962504110763;-5.3175067544929036;-4.016662039607269;-5.0;-3.9009804864072155;-5.0;-3.9009804864072155;3.270378403866175;4.192547970558735;0.9706136340735974;0.0;1.3952024275084938;2.2356337474829715;-1.9895844633687858;0.0;0.0;-2.998485998831086;1.4142135623730951;-1.9443709285340844;-1.9443709285340844;6
8.042817735330733;9.688792473922543;-4.9317538891408645;-2.430137336804222;-9.068883707497267;-2.1245154965970983;-0.16552506059643868;-2.1245154965970983;-0.16552506059643868;8.561759712817889;8.402378035320893;-0.8051729905135971;-12.81694491291185;1.5851503880389046;5.439628391218299;-4.958351402142746;2.0081961706785734;-12.81694491291185;-3.9800079936063923;1.0;-2.9954129405555676;-2.9954129405555676;6
1.8766178204963566;2.1910805211818243;-1.9629768289910174;-2.2292645203838077;-5.909191622502938;0.0;-1.0;0.0;-1.0;5.1351689429439205;4.982849924623878;0.9973649538746301;-2.885807428167581;2.8775427424618414;6.767333686834647;1.9426448102375815;-4.025643803602513;-2.885807428167581;0.9722436226800539;1.5857864376269049;-2.077485609439435;-2.077485609439435;6
5.171173357513908;5.736158207299386;-1.9209253740747911;-0.23267895481591694;-6.983337960392731;2.0;1.966703621627092;2.0;1.966703621627092;6.0449898795536825;8.230354535006128;3.019223662515376;-17.97676751493556;3.9021911288168027;7.786476846220957;14.989131718690636;-14.021243374128538;-17.97676751493556;11.99255393358052;10.045361017187261;0.9999590524743098;0.9999590524743098;6
7.6088994020588245;5.264084306881344;-4.392879772340223;-7.141790560843006;-11.030283052652123;-1.9969112245140437;-0.9986868040603412;-1.9969112245140437;-0.9986868040603412;7.567035987396665;2.5386203259103297;0.0;-0.9998474796004047;0.8496288974168138;1.5805513516892802;7.991718011059454;-2.6679669616855364;-0.9998474796004047;7.991285565823034;10.04175296629888;5.067742845538902;5.067742845538902;6
-1.6126061710938302;-2.018003580666459;-1.7324615868830193;-1.4862219671983325;-6.984851961561645;-0.9976275307547091;0.9979231635084904;-0.9976275307547091;0.9979231635084904;-2.7671268229483985;-0.7675250177308044;1.1041049751118805;-5.0;0.37365459560479053;1.250834843446377;-2.945541995055187;0.05921581692235378;-5.0;-4.0;-1.0;-2.9998725654714917;-2.9998725654714917;6
8.025880710748261;7.6704322410685535;8.411664336019115;11.591540393268389;3.0332377822707244;5.0;7.141171019911461;5.0;7.141171019911461;8.0;10.838000698954431;-0.020824298928626916;-17.998798199030347;20.94732496118433;17.545910636795554;48.00654255452293;-21.559502160064483;-17.998798199030347;48.04133602698187;39.0;26.138232915475527;26.138232915475527;7
6.473440110115483;8.877836000052515;5.0501374133542924;7.354706098843167;4.058772731852805;0.0;1.0926322486358941;0.0;1.0926322486358941;11.861755131173368;13.610626830712818;0.0;-16.888793852839527;19.621418639711067;17.017496352095243;57.008769940421494;-14.996993713879569;-16.888793852839527;57.006323429750196;52.595044903190015;41.98592442708603;41.98592442708603;7
17.68255286016376;18.26065125796692;15.200561323224868;11.78455406910112;13.036562339727986;2.0;3.095075767244623;2.0;3.095075767244623;20.93910432606954;22.622503476846703;-1.0;-4.982849924623878;11.741489660294462;7.972270986114715;41.02173656261873;-17.102420849997536;-4.982849924623878;42.0294054067798;34.014282800023196;23.98032913732159;23.98032913732159;7
9.018599535078781;9.622220854220473;4.443200082757535;6.91219189205794;5.084494559570768;2.9584054212077042;3.994959168225293;2.9584054212077042;3.994959168225293;8.997696740060746;10.426119516245194;-1.9985201658189844;-6.076624761715394;8.74406149389597;10.022434069722784;25.948877517445347;-11.044786537779132;-6.076624761715394;27.905481135919644;21.60751530406958;14.87689634563931;14.87689634563931;7
14.243426969486997;13.511768278628661;11.975742437903584;9.532721878121691;10.967792803366699;6.0;7.070311512889305;6.0;7.070311512889305;15.553851381374173;14.947705201145254;-1.027756377319946;-9.0;13.613704391490728;14.293427289898261;32.00684899377592;-9.997896296232334;-9.0;32.98719899331911;30.0;22.01182975642635;22.01182975642635;7
2.191781323484914;2.5965100574554256;4.155928024759746;3.400390434752346;0.9992316561217685;0.9962335616050346;2.9885291892844084;0.9962335616050346;2.9885291892844084;3.998456493240596;4.10584592037884;-2.023796041628639;-5.999386722772101;12.239050139176577;13.084206079562335;36.95240791674272;-15.940671148023632;-5.999386722772101;38.97620395837136;38.0;21.047160779362187;21.047160779362187;7
6.79323168102303;5.6374690954214195;3.760007146234166;6.748083128689814;12.039246803826114;0.9944904829834726;-1.033296378372908;0.9944904829834726;-1.033296378372908;9.515155848179589;10.696035148504961;-1.0640772156851526;-0.04028853427068668;10.235943657061554;11.187858107221246;42.03895982987804;-8.659771881057942;-0.04028853427068668;43.104218226008676;32.64455916947971;33.12345257828858;33.12345257828858;7
4.451206677030054;3.531637171380474;2.589369329214847;4.896196953754803;3.0161248385416464;3.987935361185647;5.98616179852765;3.987935361185647;5.98616179852765;5.0888553060998305;6.991568838952688;-2.966703621627092;-9.064111442626505;21.377101208487083;22.36471406236025;51.0;-10.0111097397076;-9.064111442626505;54.00684899377592;45.0;40.99390266571638;40.99390266571638;7
7.721585923940761;8.749882386667235;12.893289868675872;9.199815776535857;9.993878404461274;3.987935361185647;2.9885291892844084;3.987935361185647;2.9885291892844084;11.404276489502891;11.897784502382464;-0.9988116471278516;-3.9982695231696823;14.873515671212985;15.94463876691308;36.96501441602117;-7.997598693064106;-3.9982695231696823;37.982148547756196;33.58578643762691;28.952139843588142;28.952139843588142;7
9.132096331752024;6.275400829357153;3.829713500260688;2.472870981453383;4.6946297296741974;1.9546389828127388;1.9142141182259529;1.9546389828127388;1.9142141182259529;9.427412815485724;5.96882933180224;-1.0;-6.154113965030092;15.20159321904466;15.581865697351638;45.97271927071829;-10.936078690309145;-6.154113965030092;46.86220166589352;33.0147027033899;34.96594060906871;34.96594060906871;7
6.925020060735513;5.278897894861018;7.241183927541101;4.8063950701236;15.994206241702095;-0.9981668240450041;-0.11288127679999604;-0.9981668240450041;-0.11288127679999604;4.9968409430538685;3.4855106430528338;4.924200552786388;4.05788109509794;23.682872338865792;21.822469466012876;42.92017556900568;4.040799340956916;4.05788109509794;37.979670370530435;37.97394564816518;47.00704543783121;47.00704543783121;7
13.9509347032743;14.631199035324975;7.837752780769591;4.664986821454207;4.9915755435350135;5.0249843945007875;6.029386365926403;5.0249843945007875;6.029386365926403;20.91840131808617;19.01189755922462;-1.9857314117091533;-9.112097690282212;20.984499574132997;24.511902852776252;56.791959830020275;-14.413803110051795;-9.112097690282212;58.83883867121283;46.80473136345712;42.31842191290798;42.31842191290798;7
8.3825163979307;10.210755717707563;15.040165487402824;15.157627564885217;11.982037366043635;6.98812719401044;9.024984394500787;6.98812719401044;9.024984394500787;12.811369474129933;14.02672573270712;0.19876402165589724;-4.9936769022902325;24.29502958022058;25.041537788494836;71.98567478492637;-22.142675390472796;-4.9936769022902325;71.88978515832653;62.79469397405664;49.811764662747464;49.811764662747464;7
10.410485369516422;9.674619125859095;7.192192033111233;9.003348671395422;9.053963167896192;1.9965368354385475;1.9857314117091533;1.9965368354385475;1.9857314117091533;11.097706019797911;12.741174759241318;-2.9964179551047927;-1.1497688489922666;3.8098658099002165;5.769307001830008;16.937103325912233;-5.781773010478901;-1.1497688489922666;19.934058660498767;16.0;10.955140265287568;10.955140265287568;7
12.64052682167117;14.012040612247233;13.966111427418234;13.010985464393336;11.030865312897525;9.207733337031993;2.990307830430938;9.207733337031993;2.990307830430938;15.937481131329065;17.365493873555565;-0.6897508246647952;-11.884490794083916;16.23060246413582;13.685718901903662;47.350149531224794;-13.972147833492713;-11.884490794083916;48.15104051331326;39.049968789001575;33.3735484476684;33.3735484476684;7
9.337990561885839;12.558667467065252;4.37560873264259;5.702509057450612;7.986488953356506;3.067266732409042;2.98250847361809;3.067266732409042;2.98250847361809;7.939170193505149;10.027504056574884;0.0;-6.037124093809737;17.918011459197963;15.806558003985003;23.021319364278064;-7.988373664786863;-6.037124093809737;23.020554866049245;27.60302269472072;14.997661551237599;14.997661551237599;7
4.860471661405214;5.318456240633907;7.172148078464048;4.769887045839994;1.9588037789645085;7.059354262110789;7.0;7.059354262110789;7.0;9.054455291668589;9.113772016087268;-0.996683250384315;-6.840024500969847;12.919940692218105;16.223234261078787;44.91960344363271;-7.944553368714857;-6.840024500969847;45.94218666045888;34.0;37.001550639552704;37.001550639552704;7
14.107348638037294;13.68102686369675;10.372336786852912;6.951967997906117;8.030302115388928;4.071676796169891;3.0293863659264026;4.071676796169891;3.0293863659264026;15.074085876160794;14.014453868673286;-2.0199920063936077;-6.997331813303575;12.365941642509426;16.84782721134264;40.989131718690636;-17.933520087864046;-6.997331813303575;43.0;37.0;22.99292879720481;22.99292879720481;7
12.213354052130555;13.790764744640146;10.080828686511303;7.398074915038521;11.985717199976804;4.990628742822247;2.994459998947038;4.990628742822247;2.994459998947038;16.218536793169775;18.023545652563342;0.9990133208974363;-13.006249755878443;15.25894610906952;14.601446365784334;44.99444564439077;-12.161302147548732;-13.006249755878443;44.0;31.0;32.92883113117401;32.92883113117401;7
11.088568825521541;9.57873806080756;8.582567635538425;8.891610736797787;4.99867497248961;1.9972280171808414;6.051825226309809;1.9972280171808414;6.051825226309809;14.406746610379884;12.999378867388515;0.08587576672923447;-5.943937096239694;17.04699079521349;18.68207697305907;49.15119311115514;-6.799457359826924;-5.943937096239694;49.085260501972726;44.04345773288535;41.846561017667824;41.846561017667824;7
11.376855920932403;12.826629220371089;4.9587055031238805;5.998683557911825;14.137910657410927;2.0;3.0;2.0;3.0;12.246367181900027;15.099490019635653;0.0;-7.96510675876597;10.64108259266984;11.512862459425492;33.0;-6.875332110458984;-7.96510675876597;33.0;23.0;26.042294911546108;26.042294911546108;7
9.610430664986168;5.826245011195638;10.719239556007622;8.393675819278457;2.6807934973249985;3.9615951895947017;0.9990133208974363;3.9615951895947017;0.9990133208974363;13.95898057681812;8.690462985700364;8.959566852186907;-14.029244478224584;21.44801913374807;19.929634790545606;41.96655134399372;-12.738319566316818;-14.029244478224584;32.99435094629081;40.01249804748511;29.067304698650062;29.067304698650062;7
3.120117803941163;3.231015329579833;8.11754546370561;7.423448821592061;15.986488953356506;2.9584054212077042;0.9615951895947017;2.9584054212077042;0.9615951895947017;3.99613946463235;4.722029928186501;0.9917695461755418;-3.976473844000097;5.055991522839562;7.1693669989298385;21.966960096791553;-4.965576481979113;-3.976473844000097;21.008927859761783;17.027756377319946;16.99927355122378;16.99927355122378;7
10.344640613949352;13.891186778091065;10.285646839927061;7.350164908188731;12.957207798546506;5.079154479409837;1.9377422517014509;5.079154479409837;1.9377422517014509;15.629309819765709;18.53278860076881;0.9990133208974363;-7.78447566484455;14.229030372897924;16.283711633737468;53.072874581892854;-15.023509595667846;-7.78447566484455;52.06335201775947;42.01190307520001;38.046180196970184;38.046180196970184;7
10.33647000846382;12.857143600973508;12.226156703521909;10.910032303330851;16.94290371408379;3.977780341105298;3.9722272241212426;3.977780341105298;3.9722272241212426;14.180352978456611;16.293154300511347;-0.9762039583713609;-8.999285799672776;14.199345306228537;16.156584528452775;44.005494339627646;-7.835672943102324;-8.999285799672776;45.0;39.0;36.027892404924856;36.027892404924856;7
12.486225869139243;12.727922061357852;10.77143602127559;8.649397827215324;7.944553368714857;4.027756377319946;4.0;4.027756377319946;4.0;13.149552295129894;13.204429270771115;0.9990954324859516;-14.006023877788536;16.458460391872073;17.635102893672546;50.993900842778196;-6.918852109484121;-14.006023877788536;50.0;38.58578643762691;44.035361881851586;44.035361881851586;7
7.179263161139467;6.858861008581904;4.526515112412071;6.786917506434129;6.035266085611674;1.035668847618199;1.8966404155048462;1.035668847618199;1.8966404155048462;7.9947918079440825;8.97248558149579;-1.0;-8.049286128922972;20.84689262810047;22.550478162664376;63.007407191418615;-17.02916223480075;-8.049286128922972;64.00190003973292;54.0;45.97481621650371;45.97481621650371;7
11.833128303626651;12.5954141296239;10.987738493581475;7.793428385842255;2.9821485477562;5.0;4.989351566914648;5.0;4.989351566914648;13.993411279349274;14.896639207795602;-0.9762039583713609;-1.0972474421654823;18.090956971500738;20.694060857939768;56.99290859919318;-10.997982954920069;-1.0972474421654823;57.9996720561664;47.0;45.97980004059778;45.97980004059778;7
7.091288590951677;8.947284164543358;7.0633166362041635;7.953620152894686;7.0651233442907255;3.9752357456446816;3.9119452692704044;3.9752357456446816;3.9119452692704044;8.815332452086452;11.978380805363045;-1.8892297237251654;-1.0546737208525485;10.136704281025011;13.144522110720487;30.995304201065927;-6.9886378306692265;-1.0546737208525485;32.98794695602827;14.793318388426613;23.99473698789103;23.99473698789103;7
8.444104121789916;7.508849807779292;5.331931270217822;8.79630293214528;-0.08587576672923447;4.964331152381801;5.075433380037726;4.964331152381801;5.075433380037726;10.991094962714811;10.181484393568567;-0.8775185987780958;-3.174856379752356;20.579691550653763;22.384880939147394;60.968060815688666;-17.802381791951042;-3.174856379752356;61.9236868797573;52.0357029044876;43.09986441333726;43.09986441333726;7
1.604301482782013;3.551610279934266;0.5493207855671329;1.605286234274054;0.013886210738213833;3.993001212067538;5.06133566844812;3.993001212067538;5.06133566844812;5.999660162594552;5.165341882699522;3.9972442507002093;-18.976702213077928;24.790652405570086;29.445292813285377;71.98809692479999;-21.995177137213567;-18.976702213077928;68.00588214941364;47.01063709417264;49.98368347923598;49.98368347923598;7
15.398579345664423;15.432945089458485;6.400854198700706;8.78886299960483;7.875216263623116;0.9981668240450041;3.9615951895947017;0.9981668240450041;3.9615951895947017;15.99664676617337;17.037166765302374;1.1798072695458792;-7.918615788638235;23.36454515760252;27.622002853688244;73.02694083831449;-11.03678263189807;-7.918615788638235;72.0;64.00769185258002;61.99717410125356;61.99717410125356;7
12.16124319956154;13.14039126245915;7.025827075124575;6.996035132790098;2.9412272681471947;4.966703621627092;6.0249843945007875;4.966703621627092;6.0249843945007875;15.013859022229965;17.004901842999686;-0.9762039583713609;-8.997070795464282;18.628260978813742;20.877200024974165;61.98936290582736;-16.93236054196457;-8.997070795464282;62.98568962837359;53.594876595527175;44.987941419221784;44.987941419221784;7
19.85765438971753;17.89727561251168;7.628653689654264;10.405567279594685;5.052595180880893;5.0;6.961595189594702;5.0;6.961595189594702;18.977275661338453;19.582628567443976;-0.06236485865596464;-8.978086327559396;15.662088172148174;14.068624646507345;28.928939641146336;-2.9347746748557455;-8.978086327559396;28.98708743388216;27.0178514522438;25.96661775337546;25.96661775337546;7
8.707148327696409;6.643889469389357;7.398438342589031;8.391656995648475;8.957466054643696;4.029386365926403;1.9687804581186015;4.029386365926403;1.9687804581186015;9.16001283511072;8.924619033870002;-0.9960707268558693;-9.047356617635614;7.508497686644041;7.9292065512456915;21.97070708853797;-7.022141902463723;-9.047356617635614;23.008927859761783;18.585786437626904;14.948607438177675;14.948607438177675;7
6.492694013947887;6.929155314281136;3.462767117264086;3.9663360889842494;6.9740990525594455;2.978024325853278;2.9917017995806123;2.978024325853278;2.9917017995806123;10.043260233424064;11.346851874535773;2.0539807349681602;-7.936670191013377;15.376128666695621;16.4922429785534;44.0222194794152;-7.854713513088797;-7.936670191013377;41.97620395837136;32.015148038438355;36.00936693242953;36.00936693242953;7
8.748350831490008;10.03496352327548;5.362046013921308;3.9609895028152167;9.974224970725295;1.0912191182241902;2.9289321881345245;1.0912191182241902;2.9289321881345245;12.71454471367565;12.421163710503677;-0.9990954324859516;-6.9683977724645985;16.477453015334362;18.69815771138191;43.99222230714056;-11.884581383626617;-6.9683977724645985;44.97935153973615;37.01281840626232;32.109417370157914;32.109417370157914;7
14.56897628991237;10.421405715481967;11.400720770076106;12.280060271650441;20.08917275087073;4.075101428656636;5.0;4.075101428656636;5.0;19.57451772432988;18.61974853428451;0.9971631205511713;-12.96469106089306;21.411036927420035;21.15315644306863;57.97914645904678;-12.916313157175672;-12.96469106089306;57.0;44.0;44.99873983313826;44.99873983313826;7
8.521133496797631;9.484291397156575;11.79250387797277;9.547182342520422;-0.013511046643493785;3.9896249630891027;4.0;3.9896249630891027;4.0;12.028415122576959;14.034151258243611;0.9947780676989808;-9.937015398521083;18.787100242510483;19.45581777840058;56.00842305698159;-17.00833275470999;-9.937015398521083;54.97728445445476;39.01249804748511;38.99448494609889;38.99448494609889;7
15.781167402513752;16.842694181710954;8.623520990403478;5.490834262218428;7.996693567720673;0.964331152381801;3.993001212067538;0.964331152381801;3.993001212067538;19.822550077598677;19.85453954106555;4.915851124385828;-17.90113226809153;22.756582802076487;26.181159566943514;67.9268333817814;-23.020554866049245;-17.90113226809153;62.99910849425048;53.62213806089496;44.92564324789055;44.92564324789055;7
10.69554869317274;12.433815865586737;9.08556763930018;7.124366869697532;11.156529267266244;3.0;2.997028257299988;3.0;2.997028257299988;12.02718512735764;12.069560358252602;-1.020824298928627;-10.100816912134349;20.07704752768126;22.225984531842023;57.9612522360313;-9.893499249687245;-10.100816912134349;58.98960178377214;54.763932022500214;47.99096076846257;47.99096076846257;7
11.941340668589838;11.162725288916171;7.374133766105388;7.8445987203352985;12.996487953556453;1.9960899875534945;1.9972280171808414;1.9960899875534945;1.9972280171808414;11.156415366231329;11.916129352531726;-2.019223662515376;-16.092125554782115;24.34667906741403;24.9370265419837;56.91296604165002;-10.026544249830742;-16.092125554782115;58.91930457305323;49.0098029794274;46.8898262549703;46.8898262549703;7
16.995381310411084;14.41059565543748;10.066319376725232;9.650576186130564;7.953119570902636;3.0;2.9891503735943843;3.0;2.9891503735943843;17.115474054996028;15.673038918380769;-1.9977311510444515;-8.964338676774233;14.513334258778023;13.663853238992665;41.046945572446454;-5.861772628393311;-8.964338676774233;43.044039440787316;42.0;35.151323151561755;35.151323151561755;7
9.50544513999402;7.039181719537055;5.250881424527293;4.302678148832015;6.033705872519064;4.068531700360381;1.9965368354385475;4.068531700360381;1.9965368354385475;10.924536387534857;10.013180440794287;5.9748992334261075;-18.862232585005465;28.659821516472412;30.836400819406478;71.97180900709493;-16.947539750113265;-18.862232585005465;66.0;60.763932022500214;54.99334912727265;54.99334912727265;7
16.27665746822391;18.578882329403108;7.346388990743691;5.473962330623458;7.947404819119107;2.9615951895947017;6.0;2.9615951895947017;6.0;19.927137542444243;21.89471116415693;-2.0199920063936077;-13.999024629066184;16.626453510208705;17.63976710585157;48.00510190801293;-9.966971451235452;-13.999024629066184;49.98667436400309;42.01190307520001;37.998795086965;37.998795086965;7
7.933575070175738;5.7184747308040045;9.41843576739631;7.163112965121812;2.844731600489016;5.987892780035148;3.928501628140854;5.987892780035148;3.928501628140854;6.124390458712952;5.272492692428969;2.1082302610536274;-18.2098086856519;29.852215885213056;28.76809854824014;70.83584766734211;-20.970675403169555;-18.2098086856519;68.85467565885018;65.0;49.47685793276068;49.47685793276068;7
17.83318457205661;15.350574669342471;14.125389442169578;11.065958180408714;12.0111097397076;5.0;6.0312195418813985;5.0;6.0312195418813985;20.358169778855412;18.47037859451396;5.022715545545239;-4.957512333443987;14.343891283628821;14.229030372897924;33.01409388855132;0.9108975172373377;-4.957512333443987;27.99304813224022;29.0;33.83838689179602;33.83838689179602;7
11.634471203150326;11.636089528043414;7.376381081688216;8.673644059199418;9.086002924380509;2.964331152381801;2.9972764608483686;2.964331152381801;2.9972764608483686;15.11357772772621;16.871619617199627;0.9991677074649807;-10.097287951874776;18.617782998570547;19.45581777840058;51.99132509347943;-22.782428355667157;-10.097287951874776;50.987346531004476;48.847336835614996;29.0684857437101;29.0684857437101;7
-1.5395586887011454;-1.736280670407961;-1.388538141706114;1.6336563914582953;5.039387916098246;-0.9615951895947017;-1.9965368354385475;-0.9615951895947017;-1.9965368354385475;0.0;1.8170394454267296;-1.9750156054992125;11.99900806049071;-4.132634268775135;-3.42025442697215;-5.0;1.9986291985635773;11.99900806049071;-2.9750156054992125;0.0;-2.999355739348573;-2.999355739348573;7
13.046653452876289;12.27024676616475;9.1477334413147;7.44453942026697;3.9835131357057207;5.066454863868872;3.0;5.066454863868872;3.0;14.85118240234219;14.953193071718232;-0.019992006393607653;-10.913166309735303;15.671131076176323;16.91210152860021;39.00574693662483;-4.964923073603202;-10.913166309735303;38.9863351252673;26.585786437626904;34.00347218036097;34.00347218036097;7
1.331006000990687;0.9181878594908817;2.8038962315333364;4.227245562018595;-0.9995800966332951;3.9909815555211043;2.994459998947038;3.9909815555211043;2.994459998947038;2.096067355661745;1.9905478852333403;0.06800648882928328;-4.998096327564383;8.734987683832799;8.782819407757557;28.0066663703967;-10.975816857516044;-4.998096327564383;27.989441116400677;22.0;16.971482374764676;16.971482374764676;7
9.229106131594442;10.010415536631214;4.35174486050056;4.355122188593285;-0.013155617496423133;0.9985412131205003;2.0;0.9985412131205003;2.0;12.819753294996957;14.954775677965301;-3.9689013454302824;-3.0326224168230453;21.081375955452614;20.223023614604458;56.945047496687046;-14.92609332229867;-3.0326224168230453;60.99869850452977;50.009614495783374;42.04554054401552;42.04554054401552;7
0.6451962263757167;0.5925053873732864;3.605517899846923;0.5415619073849811;1.0131556174964231;5.09975124224178;8.053496382857483;5.09975124224178;8.053496382857483;0.005318998448160528;-0.9985731809092471;-0.9988116471278516;-12.944961091482739;31.73702190951284;29.955732207364406;77.00539080666647;-21.02005636826354;-12.944961091482739;78.00485425454472;66.0;55.9613901199351;55.9613901199351;7
